name,address,phone_number,email
Shelby Romero,"40135 Daniel Field Apt. 820
Raymondhaven, WY 63391",636-547-8138x167,orosales@example.org
Andrea Harding,"766 Kayla Hollow Suite 755
East William, CT 75430",(576)912-5098,tracy86@example.com
Krista Carr,"468 Bell Squares
North Williamburgh, NM 14619",+1-585-793-7802x61839,robertharrison@example.net
Antonio Mcmahon,"69692 Alexander Plains Suite 800
South Jeffreystad, GA 71917",7232779992,johnsonmitchell@example.org
Tyrone Morris,"7256 Carter Mountain
Port Michaelmouth, NM 44026",301.483.9539x6919,phillipgutierrez@example.net
Tiffany Collins,"16818 Tyrone Tunnel Suite 777
New Robert, VA 80465",001-775-116-7469x9670,melanie62@example.net
Kaylee Gilbert,"98945 Jennifer Park
Mcbridefurt, NJ 35977",5940917836,schneiderchristopher@example.com
Elizabeth Jones,"3551 Peter Rue Suite 252
Port Sarah, RI 79552",001-904-517-6612x1721,ywatson@example.net
Omar Young,"17592 Mckay Trace Apt. 469
East Rhonda, IA 23271",2869229820,channa@example.net
Elizabeth Sanchez,"8899 Hernandez Brook
West Kristintown, DC 04231",(719)135-0834x35746,osmith@example.com
